part_no,description,unit,unit_price_cny,stock
LF-P-0101,Servo bracket,pcs,232.36,55
LF-P-0108,Gear shaft 8 mm,pcs,400.35,402
LF-P-0115,Bearing cap,pcs,363.19,535
LF-P-0122,Cable harness,set,253.47,847
LF-P-0129,Sensor mount,pcs,977.7,722
LF-P-0136,Drive belt,m,883.54,129
LF-P-0143,Motor plate,pcs,627.41,148
LF-P-0150,Spacer kit,set,519.3,611
LF-P-0157,Hinge pin,pcs,474.66,213
LF-P-0164,Wheel hub,pcs,284.13,96
LF-P-0171,Cover panel,pcs,329.79,183
LF-P-0178,Fuse holder,pcs,353.67,407
