region,month,sku,units,revenue_cny
north,2026-07,AQ-100,307,80600
north,2026-07,AQ-200,198,104400
north,2026-07,AQ-300,115,63600
north,2026-08,AQ-100,470,178000
north,2026-08,AQ-200,265,154200
north,2026-08,AQ-300,102,96700
north,2026-09,AQ-100,325,161400
north,2026-09,AQ-200,417,107100
north,2026-09,AQ-300,327,137200
south,2026-07,AQ-100,62,10200
south,2026-07,AQ-200,381,79700
south,2026-07,AQ-300,169,122000
south,2026-08,AQ-100,596,179200
south,2026-08,AQ-200,160,92200
south,2026-08,AQ-300,174,148900
south,2026-09,AQ-100,337,185100
south,2026-09,AQ-200,423,15400
south,2026-09,AQ-300,254,26000
east,2026-07,AQ-100,365,219400
east,2026-07,AQ-200,353,208200
east,2026-07,AQ-300,382,236500
east,2026-08,AQ-100,449,184400
east,2026-08,AQ-200,520,224300
east,2026-08,AQ-300,579,124000
east,2026-09,AQ-100,443,86900
east,2026-09,AQ-200,362,177200
east,2026-09,AQ-300,92,213000
