contract_id,vendor,start_date,amount_cny
C-1001,Harborlight Logistics,2026-01-26,54149.72
C-1002,Harborlight Logistics,2026-08-22,7095.96
C-1003,Harborlight Logistics,2026-03-17,62126.49
C-1004,Harborlight Logistics,2026-09-22,61250.0
C-1005,Harborlight Logistics,2026-06-26,50968.17
C-1006,Quillstone Media,2026-04-19,55603.83
C-1007,Quillstone Media,2026-08-26,87256.42
C-1008,Quillstone Media,2026-03-19,24287.84
C-1009,Quillstone Media,2026-07-19,22744.9
C-1010,Quillstone Media,2026-03-13,42089.3
C-1011,Ferncliff Systems,2026-05-14,18900.5
C-1012,Ferncliff Systems,2026-01-24,26435.67
C-1013,Ferncliff Systems,2026-01-21,68995.5
C-1014,Ferncliff Systems,2026-08-17,28241.97
C-1015,Ferncliff Systems,2026-05-21,24686.53
C-1016,Tidewater Analytics,2026-06-13,61490.31
C-1018,Tidewater Analytics,2026-02-25,22359.76
C-1019,Tidewater Analytics,2026-02-28,53261.38
C-1020,Tidewater Analytics,2026-10-15,55630.08
C-1021,Brightmoor Supplies,2026-04-24,69549.13
C-1022,Brightmoor Supplies,2026-09-27,82576.93
C-1023,Brightmoor Supplies,2026-07-23,73362.45
C-1024,Brightmoor Supplies,2026-02-28,14338.99
